permission_ACCESS_COARSE_DATA,permission_ACCESS_COARSE_LOCATION,permission_ACCESS_FINE_LOCATION,permission_ACCESS_MOCK_LOCATION,permission_BATTERY_STATS,permission_BLUETOOTH,permission_BLUETOOTH_ADMIN,permission_CALL_PHONE,permission_CAMERA,permission_CHANGE_WIFI_STATE,permission_DISABLE_KEYGUARD,permission_GET_TASKS,permission_INTERNET,permission_MANAGE_ACCOUNTS,permission_NFC,permission_PROCESS_OUTGOING_CALLS,permission_READ_CALENDAR,permission_READ_CONTACTS,permission_READ_EXTERNAL_STORAGE,permission_READ_HISTORY_BOOKMARKS,permission_READ_PHONE_STATE,permission_READ_SMS,permission_RECEIVE_SMS,permission_RECORD_AUDIO,permission_SEND_SMS,permission_SYSTEM_ALERT_WINDOW,permission_WRITE_CONTACTS,permission_WRITE_EXTERNAL_STORAGE,permission_WRITE_HISTORY_BOOKMARKS,permission_WRITE_SMS,num_PERMISSIONS,num_ACTIVITIES,num_IP_ADDRESSES,num_DOMAINS,num_CONTAINED_FILES,certificate_COUNTRY_DIAL_CODE,sdk_VERSION_MINIMUM,sdk_VERSION_TARGET,app_SIZE_BYTES,app_sha256,malware_FAMILY
0,0,0,0,0,1,0,0,1,0,0,0,1,0,0,0,0,1,1,0,1,0,0,1,0,0,0,1,0,0,16,201,4,348,26377,1,17,29,24366127,2ecd7f93ecb9aca472ff3370e0e95b4a391e2a652900bdaf4c9b74a6ad435cc9,clean
0,0,0,0,0,0,0,0,0,0,0,1,1,0,0,0,0,0,0,0,0,0,0,0,0,0,0,0,0,0,11,58,94,256,14819,1,16,26,79357686,5b5903f3f2cb8c44825c1ebb46ab674817327d39e6cc89ca7eb78334b48fae7e,clean
0,0,0,0,0,0,0,0,0,0,0,0,1,0,0,0,0,0,1,0,0,0,0,0,0,0,0,1,0,0,4,5,0,44,4360,0,14,28,5304733,5e58afcbafe04e2e3d0a292879fd366f72490f75b933f67db230477b015fc31e,clean
0,0,0,0,0,0,0,0,0,0,0,0,1,0,0,0,0,0,1,0,1,0,0,0,0,0,0,1,0,0,7,11,1,408,4385,0,16,28,5832977,f93c4985e40e7af040c980c3bd1fbcc2d3cf8e02f068f5aef82532ee94761a03,clean
0,0,0,0,0,0,0,0,0,0,0,0,1,0,0,0,0,0,0,0,1,0,0,0,0,0,0,1,0,0,5,4,0,5,82,1,7,0,2233626,1becfbea14f3d857b1bdef6ea0bee1f9a5ee5aff0e7f008836a89341e5828891,adware
0,1,1,0,0,0,0,0,1,0,0,0,1,0,0,0,0,0,1,0,0,0,0,0,0,1,0,1,0,0,31,4,4,195,7727,225,16,28,14713993,3326b7e489307f5aeceeb7b84b4dad075e37f64b9c3b8e759d6d6ab0b4ad1b5e,clean
0,1,1,0,0,0,0,0,0,0,0,0,1,0,0,0,0,0,0,0,0,0,0,0,0,0,0,1,0,0,12,13,1,98,6767,34,8,0,14587565,ab4a071b03b3d5610a4cf2e733c0cdd582876780d30ce75504802bdf606e9437,clean
0,0,0,0,0,0,0,0,0,0,0,1,1,0,0,0,0,0,0,0,0,0,0,0,0,0,0,0,0,0,8,1,4,169,1788,0,8,15,20188252,05049e4b22c93ca65da0e397f3206f8e753657cb38cd9630fe30268813c2a218,clean
0,0,0,0,0,0,0,0,0,0,0,0,1,0,0,0,0,0,0,0,0,0,0,0,0,0,0,0,0,0,2,5,0,30,2534,0,15,26,3034437,8c8ff6f60c4edd270074ca6c9b1648a90425b2a24f1824d23f3c5245faac6eb9,clean
0,0,0,0,0,1,1,1,1,0,0,0,1,0,0,0,0,0,1,0,1,0,0,1,0,1,0,1,0,0,22,51,16,114,22726,1,21,30,14613242,ed9d8a946563b53d9ce92cf47186192b11e5cf5f8bfe98711b58d7354f74ed47,clean
0,1,1,0,0,0,0,0,1,0,0,1,1,0,0,0,0,0,1,0,0,0,0,1,0,0,0,1,0,0,34,5,2,84,4986,1,21,30,5513673,5836a6a86835a3153aeea86cebd89279ce445da7af25551b769a7f50dbb4590f,clean
0,0,0,0,0,0,0,0,0,0,0,0,1,0,0,0,0,0,0,0,1,0,0,0,0,0,0,0,0,0,6,7,0,55,9236,1,16,29,4755717,1a2c96ea15f7ad0d31187bf5111d9e9d2418ac8fc8f35574e363f741e33195f6,clean
0,0,0,0,0,0,0,0,0,0,0,0,1,0,0,0,0,0,0,0,0,0,0,0,0,0,0,0,0,0,6,1,0,18,1814,0,10,17,1171517,4d93c0b1999e54fd3c832f31ba919d7fdb91f46c94ad0d0e3378f31b7d654c7f,clean
0,1,1,0,0,0,0,0,1,0,0,0,1,0,0,0,0,0,1,0,0,0,0,1,0,0,0,1,0,0,13,27,1,88,14062,1,18,29,9335488,44ec04e9817036c30f8782e84325d4d19a78d3cca680d0e0a88e84012f231b57,clean
0,1,1,0,0,0,0,0,0,1,0,0,1,0,0,0,0,0,0,0,0,0,0,0,0,0,0,0,0,0,12,13,2,86,5239,1,15,23,4214722,fc317dc2ffa3a18748242697324ce8d0cf0fa28bf09e8cadcea49aea8c381821,clean
0,1,1,0,0,0,0,0,1,0,0,0,1,0,0,0,0,0,1,0,0,0,0,0,0,0,0,1,0,0,13,4,0,80,5902,0,17,27,4250960,15665c8c77b4ca6126d7a740657ef302ce3023adcef1dc7b09f528443b11d26d,clean
0,0,0,0,0,0,0,0,0,0,0,0,1,0,0,0,0,0,1,0,0,0,0,0,0,0,0,1,0,0,27,34,2,78,16203,1,21,29,13746398,9beb0a1e2877fba06043ecda06cd3cb77ab045b864059edd97fe688129071a9d,clean
0,0,0,0,0,0,0,0,1,0,0,0,1,0,0,0,0,0,1,0,1,0,0,0,0,0,0,1,0,0,9,14,15,65,7000,0,14,22,34524101,4aca8f329994b2bf75fc0d3743c6f8b86ea51284b06a3a231bc176393fe8a90e,clean
0,0,0,0,0,0,0,0,0,0,0,0,1,1,0,0,0,0,0,0,1,0,0,0,0,0,0,1,0,0,13,22,0,57,6751,43,15,23,13895371,d9b4a6656fa494c879c102ae6f625ab58d3639a17179bbc529564ba76918c678,clean
0,0,0,0,0,0,0,0,0,0,0,0,1,0,0,0,0,1,1,0,1,0,0,0,0,1,0,1,0,0,34,3,4,191,6697,1,16,26,9639094,0a9718774a3e3aa4b6ac017ea6419bd4a2f47c695fe712727c30bfadaafa72b0,clean
0,0,0,0,0,0,0,0,0,0,0,0,1,0,0,0,0,1,0,0,1,0,0,0,0,0,1,1,0,0,7,7,1,32,2601,0,14,23,7484038,c9b55814e00cb3204ec50ed77039de83d416c77abf2a840693d0dfc8f56b3efd,clean
0,0,1,0,0,0,0,0,1,0,0,1,1,0,0,0,0,0,0,0,0,0,0,0,0,0,0,0,0,0,7,12,0,9,771,0,7,11,2152082,918087aa8251ee1b6ab204d6f916d1d8e07117e7d6ba67ef46751329fab73f25,clean
0,0,1,0,0,1,0,1,1,0,0,0,1,0,0,0,0,0,1,0,0,0,0,1,0,0,0,1,0,0,15,29,0,92,13874,39,19,30,5999535,1c3a0144c970ff3966edb8cd8fb186ca00e2689affe3bc47be7d43c8131cb855,clean
0,1,1,0,0,0,0,0,1,0,0,0,1,0,0,0,0,0,1,0,1,0,0,1,0,0,0,1,0,0,37,8,28,760,7666,1,21,29,12337967,bdeaf9a6d0ed7a08d9a1e1c7f5253b00e08b355523c154578d104797c376b351,clean
0,0,0,0,0,0,0,0,0,0,0,0,1,0,0,0,0,0,0,0,0,0,0,0,0,0,0,1,0,0,4,2,8,73,7129,0,9,21,15474500,07c1e4ddfe7ebc4348973bdd4f4bc6add634c830ed54adc543bfd5fe89855fe1,clean
0,1,1,0,0,0,0,1,0,0,0,1,1,0,0,0,0,0,1,0,0,0,0,0,0,0,0,1,0,0,15,112,126,100,15686,0,19,26,18269359,68e5f7da32ff4c9b01b00aa6d3568a6344ddc6d920c339f18ac32b0816b7947e,clean
0,0,0,0,0,0,0,0,0,0,0,0,1,0,0,0,0,0,0,0,0,0,0,0,0,0,0,0,0,0,7,11,6,85,16731,0,17,28,8441847,8da9c76ce5f0f08600c740b1ad41320de0aadfab8bf9ae61e1525516622b1b2f,clean
0,1,1,0,0,0,0,0,0,0,0,0,1,0,0,0,0,0,0,0,1,0,0,0,0,0,0,1,0,0,14,18,0,38,6067,1,10,21,5311753,5b918361a8c99d3db3e0eb846d72ff712c550c5a6ed3a95cc76c5f157c834cde,clean
0,0,0,0,0,0,0,0,0,0,0,0,1,0,0,0,0,0,0,0,0,0,0,0,0,0,0,0,0,0,5,9,0,46,4136,40,9,9,4468756,26800c72d95090412f50b8931c25f157f33128c7a15e37a2b0b7238187ffb057,clean
0,0,0,0,0,0,0,0,0,0,0,0,1,0,0,0,0,0,0,0,0,0,0,0,0,0,0,0,0,0,6,7,1,53,6137,1,16,29,8669314,8df73187677914ddb26c372e31076594de50a9411c299f9f3d66a1291fec1c69,clean
0,0,0,0,0,0,0,0,0,0,0,0,1,0,0,0,0,0,0,0,0,0,0,0,0,0,0,1,0,0,3,5,0,9,95,49,14,19,455519,cc697333ffebcd5a69ca8f9548de12022dc914b2f1c86bcb6db8e3c0d06260dd,clean
0,0,0,0,0,0,0,0,0,0,0,0,1,0,0,0,0,0,0,0,0,0,0,0,0,0,0,0,0,0,1,1,0,7,1605,1,15,29,1162183,5c1e560a19bf333db83b9935aa6d1cdc9c9eb26c268b90c571922527e6b0d832,clean
0,0,0,0,0,0,0,0,0,0,0,1,1,0,0,0,0,0,1,0,1,0,0,0,0,0,0,1,0,0,14,17,6,68,8478,0,15,23,4861963,908387b308a3629bafcaab5d9b8d26c6aa4bdfae92586d29669d948e81a9df1d,clean
0,0,1,0,0,0,0,0,0,0,0,0,1,0,0,0,0,0,0,0,1,0,0,0,0,0,0,0,0,0,4,4,0,16,1029,1,9,17,1013735,d8617cae34e4668ff784a2e69b60bdde91c50f3646b66764cbe5828a0c100acd,clean
0,0,0,0,0,0,0,0,1,0,0,0,1,0,0,0,0,0,1,0,0,0,0,0,0,0,0,1,0,0,14,37,82,310,22909,64,23,29,76401446,c373b57e6dd3b918655444a40ccdc8e938eabc0d15968be9215db5d87c548802,clean
0,0,0,0,0,0,0,1,1,0,0,0,1,0,0,0,0,0,0,0,0,0,0,0,0,0,0,0,0,0,8,6,2,81,15483,1,21,28,7374144,12118cfec7c48d618a593a7c69705ae69081d12d9a12d6ca8fd416dd288e0efe,clean
0,0,1,0,0,0,0,1,0,0,0,1,1,0,0,0,0,0,1,0,1,0,0,1,0,0,0,1,0,0,14,38,216,106,14607,82,16,28,21681438,67b008d9297179f187051e43fa9249830b5c9253f9e4c0b9420733ce5448d972,clean
0,0,0,0,0,0,0,0,0,0,0,0,1,0,0,0,0,0,0,0,1,0,0,1,0,0,0,1,0,0,9,2,2,24,3762,36,14,16,5097827,09a1242b3480d621b36804bbaacd190c15d516a3c2a0e741eac30883b00301f4,clean
0,0,0,0,0,0,0,1,1,0,0,1,1,0,0,0,0,0,1,0,1,0,0,0,0,0,0,1,0,0,13,8,2,41,6763,0,16,29,12836615,edb01b2d60082dc601a0294ca6e8056fe864b0e0304e1ee4051ad79ca2080e5c,clean
0,0,0,0,0,0,0,0,1,0,0,0,0,0,0,0,0,0,0,0,0,0,0,0,0,0,0,0,0,0,1,1,0,5,1173,0,8,19,858613,273883e9bf3afbb8b8369f07a182414bd8868634ad99826ba12913e23c6b46c6,clean
0,0,0,0,0,0,0,0,0,0,0,0,1,0,0,0,0,0,1,0,0,0,0,0,0,0,0,1,0,0,6,2,0,3,60,0,8,21,388654,4846805908724a27233ec115ad84b6de7dd174a417d75fc11981a260d1f20fa7,clean
0,0,0,0,0,0,0,0,0,0,0,1,1,0,0,0,0,0,0,0,0,0,0,0,0,0,0,1,0,0,11,37,10,186,18638,0,15,26,54578034,96ae42b6d1b3d88489997f4c4352256beb453924379ec6b91d214fd12aaec966,clean
0,0,0,0,0,0,0,0,0,0,0,0,1,0,0,0,0,0,0,0,0,0,0,0,0,0,0,0,0,0,2,3,4,19,3438,0,14,22,2390561,f60876d536e3dc7d109967036c3d995ab6145edd0752757d95f92595049b6cd4,clean
0,1,1,0,0,0,0,0,0,0,0,0,1,0,0,0,0,0,0,0,1,0,0,0,0,0,0,1,0,0,10,11,1,27,2344,0,7,10,4317844,128e1c1691d68f5a3bc547a36f3f58eed1fac0e5fb859338ecee154c50f947de,clean
0,1,1,0,0,0,0,1,1,1,0,1,1,1,0,0,0,0,1,0,1,0,0,1,0,1,0,1,0,0,46,46,9,62,9038,0,16,21,5840376,f6fd026da1645694e208755aed8663ab5a7c0d38d04dfae1a830b90c8a75f629,clean
0,1,1,0,0,0,0,0,0,0,0,0,1,0,0,0,0,0,0,0,0,0,0,0,0,0,0,0,0,0,7,17,4,87,13976,1,17,30,28649682,ac8324e8d6dd82990b031c03a1dc0523fee97be1ff0fa22b718277768bd26975,clean
0,0,0,0,0,0,0,0,0,0,0,0,1,0,0,0,0,0,0,0,0,0,0,0,0,0,0,0,0,0,7,7,126,184,8409,0,24,29,25904624,948ee04388dc488b5c4f78a5db2587f64508b7c6cf13552a53c033e2d24a3d15,clean
0,0,0,0,0,0,0,0,0,0,0,0,1,0,0,0,0,0,0,0,0,0,0,0,0,0,0,0,0,0,11,76,94,391,36565,1,19,29,57967366,46eba111d533d28e705d437667604d23b2d5b84782c57def68385b5a2a1c58d2,clean
0,1,0,0,0,1,1,0,1,0,0,0,1,0,0,0,1,0,1,0,0,0,0,0,0,0,0,1,0,0,21,104,8,162,14791,1,21,29,44690485,af6e4d1ffea88a3a38f600de64ff6f863ccdf11549e13856f868b4583a49f2a8,clean
0,1,1,0,0,0,0,0,0,0,0,0,1,0,0,0,0,0,0,0,1,0,0,0,0,0,0,1,0,0,8,5,9,52,3608,0,14,25,23210319,085f1735a144a30d75b68157bfeffb697d7dcda6acf01c847cfe620301f195aa,clean
0,1,1,1,0,0,0,0,0,0,0,0,1,0,0,0,0,0,0,0,0,0,0,0,0,0,0,0,0,0,4,2,1,3,63,0,8,0,1992577,1d0ddc9ee2bc0996c3129c502672ffa7ea89b0ebebea83e30318eadde46b9380,clean
0,1,1,0,0,1,1,0,0,0,0,0,1,0,0,0,0,0,1,0,0,0,0,0,0,0,0,1,0,0,15,3,15,397,6000,44,16,22,10172670,0a8586884e8d41394ebc06473ff1fc697a52c786cfe181b1c17efae8ef36c041,clean
0,0,1,0,0,0,0,0,1,0,0,0,1,0,0,0,0,0,0,0,0,0,0,0,0,0,0,0,0,0,7,22,2,135,18015,353,21,29,22977450,9078545475c50af2bb53a8a9236ca3b2803e9eb561e4dedde9c6a497d7fa0461,clean
0,0,0,0,0,0,0,0,0,0,0,0,1,0,0,0,1,0,0,0,0,0,0,0,0,0,0,0,0,0,7,8,2,89,16908,1,17,30,9169704,757055a3b0c4cd0262e022b185c90e4d3ce9850ca6c145b144f29626eb4aff50,clean
0,0,0,0,0,0,0,0,0,0,0,0,1,0,0,0,0,0,0,0,0,0,0,0,0,0,0,0,0,0,3,13,1,28,1927,44,4,10,10407010,1e0b01f7ae1ecf8e29681c78cb1b84d2a68b16a6c84b7d87e6171f68feac50b2,clean
0,0,1,0,0,0,0,0,0,0,0,0,1,1,0,0,0,1,0,0,0,0,0,0,0,1,0,1,0,0,17,10,191,208,26486,61,16,28,30433224,c450f302a6da5b9ff3e678add7e18e11d3c30c682cdf58556c07bc16dcb0ab32,clean
0,0,0,0,0,0,0,0,0,0,0,0,1,0,0,0,0,0,0,0,0,0,0,0,0,0,0,1,0,0,7,8,1,62,8940,0,21,30,9758794,5a70ec5f75b2a49190d3b001a77162ea7fdba36308e6f7564fba21a03c93e03b,clean
0,1,1,0,0,1,0,0,1,0,0,0,1,0,0,0,0,1,1,0,1,0,0,1,0,1,0,1,0,0,40,54,74,132,13815,0,24,30,20175889,b6439af280cd623ead68cc8536fd0488435ae24012e29195dfc9b593ddd20b9e,clean
0,0,0,0,0,0,0,0,0,0,0,0,1,0,0,0,0,0,0,0,0,0,0,0,0,0,0,1,0,0,3,4,1,31,3674,90,15,21,2028613,0e7623f9aa58fab46418e5a30c20f573f746b5d91beb6494963b2f4b6f1ed4df,clean
0,0,0,0,0,0,0,0,0,0,0,0,1,0,0,0,0,0,0,0,0,0,0,0,0,0,0,0,0,0,3,2,0,9,77,0,8,0,1794967,8491f1daa75413e98fb0369c382b59bfc723f19f5734cda2e23234e25fa9bb2d,clean
0,0,0,0,0,0,0,0,0,0,0,0,1,0,0,0,0,0,1,0,0,0,0,0,0,0,0,1,0,0,27,13,2,57,8256,1,19,30,13382000,935e29977503948aa5ecd2639f71301c9a9da08765790af88485073ac576b1cc,clean
0,1,1,0,0,0,0,1,1,0,0,0,1,0,0,0,0,0,1,0,1,0,0,1,0,0,0,1,0,0,18,48,4,115,12538,1,16,27,11501454,f5ddba281a8faa9ab4aecb4234e15ffa5cc6500a8fe39df32eaefee652db4117,clean
0,0,0,0,0,0,0,1,1,0,0,0,1,0,0,0,0,0,1,0,0,0,0,0,0,0,0,1,0,0,8,34,0,49,8305,0,17,29,5651019,963d2c76af6c79fb9e780802e7f8e59c2a5cba7cd56cf61d682bb6d5720685ec,clean
0,1,1,0,0,0,0,0,0,1,0,1,1,0,0,0,0,0,1,0,1,0,0,0,0,1,0,1,0,0,19,26,4,19,2821,0,11,23,8770496,74832aab9f90de8608ad24575ac607c8b00ad369637ce5f5c9660fe2f0347ffd,clean
0,0,0,0,0,0,0,0,0,0,0,0,1,0,0,0,0,0,0,0,0,0,0,0,0,0,0,1,0,0,8,27,1,102,7310,1,8,16,4543758,9bad5b6be7ebf8586f5e9b22987f18a133e605ca11a2f7d5c16a513aa01bebfa,clean
0,1,1,0,0,0,0,0,1,0,0,0,1,0,0,0,0,0,1,0,0,0,0,0,0,0,0,1,0,0,15,18,2,121,21199,55,16,30,12088741,754ce46a30c9b7fcd11d820eaea4c529a59ece03d37eaffea533b42176b69e9a,clean
0,1,1,0,0,0,0,0,0,0,0,1,1,0,0,0,0,0,1,0,1,0,0,0,0,0,0,1,0,0,23,3,0,172,1018,0,8,0,7479454,98500b7b6efd2a8dcc41fb351a592e99882ee3bfaa68ab93429225df60e810f8,clean
0,0,0,0,0,0,0,0,0,0,0,1,1,0,0,0,0,0,0,0,1,0,0,0,0,0,0,1,0,0,6,25,19,84,7619,852,9,22,25275977,bce4d170ec26daf376ac19c8ce0af730fabc1feac53378be48d233e5d0151f4c,clean
0,1,1,0,0,0,0,0,1,0,0,0,1,0,0,0,0,0,1,0,1,0,0,1,0,0,0,1,0,0,15,43,3,79,7794,1,10,19,7525751,1fda8ba91ee85260c094f1f38dffdb0ffc94ccc2cd9c7d2f4e1bd573056644e5,clean
0,0,0,0,0,0,0,0,0,0,0,0,1,0,0,0,0,0,0,0,1,0,0,0,0,0,0,0,0,0,4,4,8,60,5368,0,9,23,23208744,ef4f13f68291cb9513b7be10a881edbec48f5edefe0809f7234819babb676d88,clean
0,0,0,0,0,0,0,0,0,0,0,0,1,0,0,0,0,0,0,0,0,0,0,0,0,0,0,0,0,0,25,7,3,325,6607,1,22,29,6339527,345bb329f6053e7c1957e4c1e79145d46ce697b0bcdc555cb005002287dcca79,clean
0,0,0,0,0,0,0,0,1,0,0,0,1,0,0,0,0,0,0,0,0,0,0,0,0,0,0,0,0,0,4,4,615,2793,6795,1,21,28,71869929,6e6f8e670de08feabd2b89c38c72d0e8f57c8fd6d3909276916ed47a01b7b888,clean
0,1,1,0,0,1,0,0,1,0,0,0,1,0,0,0,0,0,1,0,1,0,0,1,0,0,0,1,0,0,17,8,4,317,12785,1,16,28,13253277,a5a17264a868842f5b7050ce93ba292a1fc37e6d0f159e4136d98424f5c90425,clean
0,0,0,0,0,0,0,0,0,0,0,0,1,0,0,0,0,0,0,0,0,0,0,0,0,0,0,0,0,0,2,6,9,42,3449,0,9,23,14230975,2df8f05dd8d5a970909660ff84c276a2d9b6d85c827dbc765c73eaad65a70735,clean
0,0,0,0,0,0,0,0,0,0,0,0,1,0,0,0,0,0,0,0,0,0,0,0,0,0,0,0,0,0,2,5,39,152,612,1,19,28,33021835,8d309c7a3fd5f5bd7570fa9a573729b6feac4117495feb7f31ae988c28a15aaa,clean
0,0,0,0,0,0,0,0,0,0,0,0,1,0,0,0,0,0,0,0,0,0,0,0,0,0,0,1,0,0,6,6,0,60,8738,1,16,29,6503547,c9d639d6c56d2bb691d4ba5b14b5ab81ce88ecf81891658b1c8f1655df3da16a,clean
0,0,0,0,0,0,0,0,1,0,0,0,1,0,0,0,0,0,1,0,0,0,0,0,0,0,0,1,0,0,9,4,11,322,5510,1,17,30,27079831,0cd963e039268ccbd7e021a3bbfb586e0c70eacfd0d8dc07654d05b9f53dc6ce,clean
0,1,1,0,0,0,0,0,1,0,0,0,1,0,0,0,0,0,1,0,1,0,0,1,0,0,0,1,0,0,15,43,3,80,7830,1,10,19,7946387,6298fa4415e7f15f046ceb57cd5a6aab1a72eac0306e58d79eab95e10ed02c85,clean
0,0,0,0,0,0,0,0,0,0,0,0,1,0,0,0,0,0,0,0,0,0,0,0,0,0,0,0,0,0,6,8,78,172,6895,1,19,29,17231667,4578a6806bb716abeaee464f722ae9f022b1646dc028d66d8702c5386a87b70d,clean
0,0,0,0,0,0,0,0,1,0,0,0,1,0,0,0,0,0,1,0,0,0,0,0,0,0,0,1,0,0,6,4,9,30,4710,1,21,29,12236382,6c05e97d0ca299fad60b5484483d0e40b6bbf82a2b8ea1d731f536ae73de52be,clean
0,0,0,0,0,0,0,0,0,0,0,0,1,0,0,0,0,0,0,0,1,0,0,0,0,0,0,0,0,0,5,9,8,50,4720,0,14,23,22131441,1af6ababb2c7f6590c02d99c235e7d430009676d3a0bff39caa8f6f8fbd3f9a3,clean
0,0,0,0,0,0,0,0,1,0,0,0,1,0,0,0,0,0,1,0,1,0,0,0,0,0,0,1,0,0,9,12,11,66,11603,0,19,27,10121904,f820c0841e99bf311bd97b560069434f775cfaf69aaeed28a6f82986e827239b,clean
0,0,0,0,0,0,0,0,0,0,1,0,1,0,0,0,0,0,0,0,0,0,0,0,0,0,0,1,0,0,5,2,3,50,1329,0,9,17,11996385,300917aa29ad390a2b1905ccd4221bff0e50cafb31d4df4b6401724d95035423,clean
0,0,0,0,0,0,0,0,0,0,0,0,1,0,0,0,0,0,1,0,0,0,0,0,0,0,0,1,0,0,6,6,0,31,2405,1,15,30,9925438,bcba91c5ac0d4c9d0338c50353144332fb64465e1857d0c16acdf1e3bbd21f35,clean
0,0,0,0,0,0,0,0,1,0,0,0,1,0,0,0,0,0,1,0,0,0,0,1,0,0,0,1,0,0,30,14,6,337,16742,1,21,29,16540608,3d801867b6ded72d18933dff7974afd58a678b70c30870b4438bb8a7c88f55ed,clean
0,0,0,0,0,0,0,0,0,0,0,0,1,0,0,0,1,0,0,0,0,0,0,0,0,0,0,1,0,0,10,30,7,107,17028,0,21,29,20938316,c1a667f340bdff4f892de87146543d34a9a1097ddbec2f86fc24bcf6773320ed,clean
0,1,0,0,0,0,0,0,1,1,0,0,1,0,0,0,0,0,0,0,1,0,0,0,0,1,0,1,0,0,15,14,2,57,5788,0,14,28,6079461,cf92fd33db724417e63d4ba515d115afcb4aef1084ad78e0b4b6c524bed4d1a3,clean
0,0,0,0,0,0,0,0,0,0,0,0,1,0,0,0,0,0,0,0,0,0,0,0,0,0,0,0,0,0,2,5,11,40,2055,40,9,20,24632847,2f6c2b65aebb04a72b7b0427002959812d797173a1b3cd9e89474bf25fe6f0f8,clean
0,1,1,0,0,0,0,0,0,0,0,0,1,0,0,0,0,0,0,0,0,0,0,0,0,0,0,0,0,0,8,5,7,101,10370,1,21,29,22528232,8aed8d89ee51ee25fe87fd6fdd1874093081b331518830b6a61164a472ae5212,clean
0,1,1,0,0,0,0,0,0,0,0,0,1,0,0,0,0,0,1,0,1,0,0,0,0,0,0,1,0,0,17,31,6,244,13007,1,19,29,22098465,599f2cf8e7c64530cc1eae5e6839701c6d0f3ec053cbbf702a03001f2d71d686,clean
0,0,0,0,0,0,0,0,0,0,0,0,1,0,0,0,0,0,0,0,0,0,0,1,0,0,0,0,0,0,7,4,3,202,9896,1,16,28,11077622,6ca9b00e08d332d0186cff31401724afb694cc0b0c3e8e8b295ac6ad96f7dc30,clean
0,0,0,0,0,0,0,0,0,0,0,0,1,0,0,0,0,0,1,0,0,0,0,0,0,0,0,1,0,0,7,8,0,48,4988,1,19,28,3172680,806e1b5d7ba51f5dae9cd562f276b4b839d2eb5961fe01784338af3c8ede5f21,clean
0,0,0,0,0,0,0,1,1,1,1,1,1,0,0,0,0,1,0,0,1,0,0,0,1,1,0,1,0,0,29,50,1,150,1176,86,4,0,3062816,7b300f89a73b0b2c752fc65f6ce69cfd090a3eefeefdf9a936525b4a5dec8d58,no tag
0,0,0,0,0,0,0,0,0,0,0,0,1,0,0,0,0,0,0,0,0,0,0,0,0,0,0,0,0,0,19,13,2,86,3378,1,19,30,5575654,2d02681f8b32801651f0439f9591e53512f3ad6bc920114c0f0b85124e733d79,clean
0,0,0,0,0,0,0,0,1,0,0,0,1,0,0,0,0,0,1,0,0,0,0,1,0,0,0,1,0,0,11,4,1,75,9751,1,19,29,31194932,4c2dc4bcaab8071fc0d3a5d0eabfabb8e39d3e554c94b3a84788fe3461d1701b,clean
0,1,1,0,0,1,0,0,0,0,0,0,1,0,0,0,0,0,0,0,0,0,0,0,0,0,0,0,0,0,7,6,1,28,2015,0,11,26,1011845,ec45baf69ea6140b3cde6cb98f498f1213cc8e476d475c4c6ec9f32b068f1493,clean
0,0,0,0,0,0,0,0,0,0,0,0,1,0,0,0,0,0,0,0,1,0,0,0,0,0,0,0,0,0,4,4,7,21,522,0,8,18,14397697,2693b403aae89f86a89d83a1de05a3b3323474bd59a6d4ee24d5202aca139e8d,clean
0,1,1,0,0,0,0,0,0,0,0,0,1,0,0,0,0,0,1,0,1,0,0,0,0,0,0,1,0,0,17,28,7,242,12511,1,19,29,21918098,9932736c673b32ebf362f39f50516b0eed47f2598b9982cc87e8407037df032b,clean
0,0,1,0,0,0,0,0,0,1,0,0,1,0,0,0,0,0,1,0,0,0,0,0,0,0,0,1,0,0,12,6,12,80,5804,0,21,29,32478075,90bc9c1083004cd4fdf00ea2e47a1df20444f8109c50af1314a3697ea00ee19b,clean
0,0,0,0,0,0,0,1,0,0,0,0,1,0,0,0,0,0,1,0,0,0,0,0,0,0,0,1,0,0,9,21,0,79,10650,1,21,30,6180963,83eefab96a6b51a1bd66e6043253695a7762dc9224c30b1cd3cc7faa04162981,clean
