permission_ACCESS_COARSE_DATA,permission_ACCESS_COARSE_LOCATION,permission_ACCESS_FINE_LOCATION,permission_ACCESS_MOCK_LOCATION,permission_BATTERY_STATS,permission_BLUETOOTH,permission_BLUETOOTH_ADMIN,permission_CALL_PHONE,permission_CAMERA,permission_CHANGE_WIFI_STATE,permission_DISABLE_KEYGUARD,permission_GET_TASKS,permission_INTERNET,permission_MANAGE_ACCOUNTS,permission_NFC,permission_PROCESS_OUTGOING_CALLS,permission_READ_CALENDAR,permission_READ_CONTACTS,permission_READ_EXTERNAL_STORAGE,permission_READ_HISTORY_BOOKMARKS,permission_READ_PHONE_STATE,permission_READ_SMS,permission_RECEIVE_SMS,permission_RECORD_AUDIO,permission_SEND_SMS,permission_SYSTEM_ALERT_WINDOW,permission_WRITE_CONTACTS,permission_WRITE_EXTERNAL_STORAGE,permission_WRITE_HISTORY_BOOKMARKS,permission_WRITE_SMS,num_PERMISSIONS,num_ACTIVITIES,num_IP_ADDRESSES,num_DOMAINS,num_CONTAINED_FILES,certificate_COUNTRY_DIAL_CODE,sdk_VERSION_MINIMUM,sdk_VERSION_TARGET,app_SIZE_BYTES,app_sha256,malware_FAMILY
0,0,0,0,0,0,0,0,0,0,0,0,1,0,0,0,0,0,0,0,0,0,0,1,0,0,0,1,0,0,6,22,291,654,2303,1,3,0,10680793,a5991cd113a7d499268377d4af5bee558254a75677fe07962f4b29d98fed19a0,clean
0,0,1,0,0,0,0,0,0,0,0,0,1,0,0,0,1,0,0,0,0,0,0,0,0,0,0,0,0,0,10,25,4,88,20597,1,17,29,17310739,6bc4cd8cde88c89718a204d662782dc0092dde430faf2efa0eb9f2ff08666c91,clean
0,0,0,0,0,0,0,0,0,0,0,0,1,0,0,0,0,0,0,0,0,0,0,0,0,0,0,0,0,0,4,17,6,86,9054,1,21,31,6423000,c0cce3d0eb80ba2cfdd6eb8927cacc0a6c163fee4e69882271704b92851e94b7,clean
0,1,1,0,0,0,0,0,0,0,0,0,1,0,0,0,0,0,0,0,0,0,0,0,0,0,0,1,0,0,14,5,0,185,3821,0,14,22,6867915,96028d7743ab653c9d9f616c3122fb0851843574161bdf129056ab8085b1dd91,clean
0,0,0,0,0,0,0,0,0,0,0,0,1,0,0,0,0,0,1,0,0,0,0,0,0,0,0,1,0,0,9,12,8,76,11234,1,17,26,16253760,3a39f4341d7de42828012da14472f764014802882fa8551bc80abce2c883969f,clean
0,0,0,0,0,1,0,0,1,0,0,0,1,0,0,0,0,1,1,0,1,0,0,1,0,0,0,1,0,0,16,167,3,340,23697,1,17,28,21963967,145836bf10d03094d62512958728ea703f1725578dbd749fbf321ec0c24cb574,clean
0,0,0,0,0,0,0,0,0,0,0,0,0,0,0,0,0,0,0,0,0,0,0,0,0,0,0,1,0,0,2,1,0,5,86,0,7,0,4764099,a350dcd353d053177603e7b5408fd3cc16c333a6c3e213392b5a48fba9a3c034,clean
0,0,0,0,0,0,0,0,0,0,0,0,1,0,0,0,0,0,0,0,1,0,0,0,0,0,0,1,0,0,5,5,0,42,4370,0,11,21,12019983,9894693a9b56f0810a1e65e5b28c55a2b3159ed28399b701accf139572b9c20b,clean
0,1,1,0,0,0,0,0,1,0,0,0,1,0,1,0,0,0,1,0,1,0,0,0,0,0,0,1,0,0,18,10,19,75,9202,0,15,29,6926959,cda8fee9732f9e3211750ada2bf597c6603474dc628e7bc1bede6386f2a23541,clean
0,0,0,0,0,0,0,0,0,0,0,0,1,0,0,0,0,0,0,0,0,0,0,0,0,0,0,1,0,0,8,14,2,67,8632,82,14,23,4847358,eb52420cfc579be3cf040e693dc16c51168311b9a45b8a2c3c226ba2e3d31443,clean
0,1,1,0,0,0,0,0,0,0,0,0,1,0,0,0,0,1,0,0,0,0,0,1,0,0,1,1,0,0,16,2,9,295,5996,0,14,22,13050604,50aa3d200cff54eddc9b3d39c4a5f4234ee8b9232dd456d7c8bc2f674a106263,clean
0,0,0,0,0,0,0,0,0,0,0,0,0,0,0,0,0,0,0,0,0,0,0,0,0,0,0,0,0,0,0,1,0,12,1086,86,14,28,1934035,97b2d5ffc4d0709f20026811cf5c7da2fe91b07e768879f873c8393a9f61a8d1,clean
0,0,0,0,0,0,0,0,0,0,0,0,1,0,0,0,0,0,0,0,0,0,0,0,0,0,0,0,0,0,2,13,0,30,4746,1,16,30,5392226,3feb7c3c40b52351c9ba6723b60e10cba01ac17a2c77d870b6448c315f0022de,clean
0,0,0,0,0,0,0,0,0,0,0,0,1,0,0,0,0,0,0,0,0,0,0,0,0,0,0,1,0,0,10,26,9,123,19553,0,21,30,9234410,b9a59e504544a540fc7d8c5fd03e525b90da4fe236876be2f8ad16390fc9c5ec,clean
0,1,0,0,0,0,0,0,0,0,0,0,1,0,0,0,0,0,0,0,0,0,0,0,0,0,0,1,0,0,8,12,4,45,5923,7,12,22,7445237,5369fbcb2d3789d740969ecb5dd6729b2c2f95e2ce3da6eba229333e7690df40,clean
0,1,1,0,0,0,0,1,1,1,0,1,1,0,0,0,0,0,1,0,1,1,1,0,1,1,0,1,0,1,33,108,30,68,8648,86,14,22,15141705,034b87bfb9148e5ef195afcbf66ff234181cd405b721cf860b5e7c71da0039bb,clean
0,0,1,0,0,0,0,0,0,0,0,0,1,0,0,0,0,0,1,0,0,0,0,0,0,0,0,1,0,0,11,10,47,108,11971,1,21,28,9998657,2991e25a73d4860d72b38aaf689f9fbed0a25b4cd38b40469a9b701b2202ab4a,clean
0,1,0,0,0,0,0,0,0,1,0,0,1,1,0,0,0,0,1,0,0,0,0,0,0,0,0,1,0,0,23,50,15,287,17439,0,17,29,21306392,fa6d5edce68cf485681b5e2328645396ffd63156a64fc68a21d6992f6d0400d4,clean
0,0,0,0,0,0,0,0,0,0,0,0,1,0,0,0,0,0,0,0,0,0,0,0,0,0,0,0,0,0,3,3,8,41,2058,0,9,19,16380586,6854efafea1c787e76f4fe2fa5215dcd3082f5ec8114fc7d71b183061ffe704f,clean
0,0,0,0,0,0,0,0,0,0,0,0,1,0,0,0,0,0,1,0,0,0,0,0,0,0,0,1,0,0,3,2,6,101,3507,1,28,28,18655514,f7dc3955b242f6c5806f52b152900752f37856ca67659082bc17f633d8e4be8c,clean
0,0,0,0,0,0,0,0,0,0,0,0,1,0,0,0,0,0,0,0,0,0,0,0,0,0,0,1,0,0,5,14,0,50,6791,1,16,27,8390474,f6dc610d58a85a86cc4addcaad0a3b34415fe6073e1ead9913674e81777a6d8c,clean
0,0,0,0,0,0,0,0,0,0,0,0,1,0,0,0,0,0,0,0,1,0,0,0,0,0,0,1,0,0,7,16,17,79,8200,0,15,24,47716178,86e14818f5d45a2002ead4f4f9601308acc5a3611a8a03c24ca2261c8a8233a9,clean
0,1,1,0,0,1,1,0,1,1,0,0,1,1,0,0,1,0,1,0,1,0,0,0,0,0,0,1,0,0,28,153,5,252,35548,81,21,27,28480687,968c9d6594330d756d46108e89c454a73a9a0abe3981a48c7e31c2b62753b236,clean
0,0,0,0,0,0,0,1,0,0,0,1,1,0,0,0,0,1,0,0,0,0,0,0,0,0,0,1,0,0,16,25,4,17,1648,0,5,0,2617610,c058765370636e773f8d80f19053a4f976fb376ecd76ebbdca63714f51436842,clean
0,0,0,0,0,0,0,0,0,0,0,0,1,0,0,0,0,0,0,0,0,0,0,0,0,0,0,0,0,0,2,2,1,29,3325,0,9,21,1587889,a9991431494da5baddca2801f6f9ac59f491a6665122c754edd6cef7a76b92c1,clean
0,1,1,0,0,1,1,0,0,0,0,0,1,0,0,0,0,0,0,0,1,0,0,0,0,0,0,1,0,0,18,12,1,68,6359,0,21,29,9521174,acc4c5061ba230ffccff511884bbb41b8cc7597ecd38f2e45a8aafce69283745,clean
0,0,1,0,0,0,0,0,0,0,0,0,1,0,0,0,0,0,0,0,0,0,0,0,0,0,0,1,0,0,5,2,4,59,1757,0,8,14,38838400,1c5bc75337197e07af81fe359b5d00fba235c42777e518829b5947ad3ae169b3,clean
0,0,0,0,0,0,0,1,1,0,0,0,1,0,0,0,0,0,1,0,0,0,0,0,0,0,0,1,0,0,13,64,5,196,17221,0,20,29,15805170,8d9c3812ca2937597fc5417f9c3ffe9cd41967e3d44b4f33d2d3ed7bf51fdf5a,clean
0,0,0,0,0,0,0,0,0,0,0,0,1,0,0,0,0,0,0,0,0,0,0,1,0,0,0,0,0,0,7,14,1,66,8199,44,15,19,6314376,37bac6c34c6025cde5753a268541e860efe23440e0bdca93cdbaebb045ebfae9,clean
0,0,0,0,0,0,0,0,0,0,0,0,1,0,0,0,0,0,0,0,0,0,0,0,0,0,0,0,0,0,9,4,0,61,6109,0,14,29,4519154,75eed536e390dd20c251da552a0bbdae2fb83290f24e7e26d0d169257358b9fb,clean
0,0,0,0,0,0,0,0,0,0,0,0,1,0,0,0,0,0,1,0,0,0,0,0,0,0,0,1,0,0,11,4,28,297,12681,1,16,29,8925025,e3603a703fd60704e1f482301cac261c3209b70d7c4370c06d18870910ca1465,clean
0,1,1,0,0,0,0,0,0,0,0,0,1,0,0,0,0,0,0,0,0,0,0,0,0,0,0,1,0,0,13,8,23,124,6005,0,15,27,28471235,2fed01db8f320881ec91cabd5269d02a6ae375c8f7e147c31948c2e60e18add2,clean
0,0,0,0,0,0,0,0,0,0,0,0,1,0,0,0,0,0,0,0,0,0,0,0,0,0,0,1,0,0,8,10,6,105,14452,0,16,29,25524139,4ce784d3ec74249e5c3c72e8c0b5dbb89d09f467dd59f7fe1e90549d0a558f74,clean
0,0,0,0,0,0,0,0,0,0,0,0,1,0,0,0,0,0,1,0,1,0,0,0,0,0,0,1,0,0,13,14,10,72,8076,0,14,16,5574802,ffe13ca22d7035cb5f8fc7ce665538c637d44e2cb94644a3bf376b41ca5a1e02,clean
0,0,0,0,0,0,0,0,1,0,0,0,1,0,0,0,0,0,1,0,0,0,0,0,0,0,0,1,0,0,13,55,9,116,13763,1,21,29,33618948,e64287b6bedd95513baa2ad35447bda04dd77e537087cdcdb237adfceff51154,clean
0,0,0,0,0,0,0,0,1,0,0,0,1,0,0,0,0,0,0,0,0,0,0,1,0,1,0,1,0,0,18,28,8,96,13295,1,23,28,7641956,16f4efcf0eae310e7b64b86d48a332cd2e7f554fbb4bcdc45131a7dfb2a82fd6,clean
0,0,0,0,0,0,0,0,0,0,0,0,1,0,0,0,0,0,0,0,0,0,0,0,0,0,0,0,0,0,2,7,0,38,4855,0,11,25,2971034,afc4d1c1f18a2c26d8a4710dd75eaadae91177bd7292ec6a5ac8e8a0e917d6b8,clean
0,0,0,0,0,0,0,0,0,0,0,1,1,0,0,0,0,0,0,0,1,0,0,0,0,0,0,1,0,0,10,13,8,80,5633,1,13,19,14803411,9b9dc643d85022f068c626e8791f4f2c2e767e4778f02dbbf55705ae6e4820f6,clean
0,1,1,0,0,0,0,1,0,0,0,0,1,0,0,0,0,0,1,0,0,0,0,0,0,0,0,1,0,0,8,17,1,27,3524,1,15,21,7302707,7f2178930972140e2528a6d3764c5eefb1842b494a3a4e90ccf1c3939ce70464,clean
0,0,0,0,0,0,0,0,0,0,0,0,1,0,0,0,0,0,0,0,0,0,0,0,0,0,0,0,0,0,4,6,0,26,2336,0,9,17,12853684,1f63bbd87be162a135a2470f8681003eb0c74be85bf842305a7e2deead8fe741,clean
0,0,0,0,0,0,0,0,1,0,0,0,1,0,0,0,0,0,1,0,0,0,0,0,0,0,0,1,0,0,10,23,0,94,16355,0,21,29,8665952,79493d5b6010c25c74c58884fd2959ab95fa9f268330d25619bcb3d860423513,clean
0,0,0,0,0,0,0,0,0,0,0,0,1,0,0,0,0,0,0,0,0,0,0,0,0,0,0,0,0,0,2,2,0,34,4067,972,14,19,7320709,d03879407b6d1c4e49b2bcb719d2235718fdc119e8f9a9acbaafd3e052e0aebd,clean
0,0,0,0,0,0,0,0,0,0,0,0,1,0,0,0,0,0,1,0,0,0,0,0,0,0,0,1,0,0,11,38,81,276,20670,1,21,29,20741520,e29dbe480e7e95973a480129cdf678f9f470d6e14fc83b1d08122977a11de9d2,no tag
0,0,0,0,0,0,0,0,0,0,0,0,1,0,0,0,0,0,0,0,0,0,0,0,0,0,0,0,0,0,4,2,0,169,4160,7,16,26,3195870,ef814adb78fa0acaedf191f4394166965f3252a2d7f70e60274bdb922e1ca01c,clean
0,1,1,0,0,0,0,1,1,0,0,0,1,0,0,0,0,0,1,0,0,0,0,0,0,0,0,1,0,0,26,5,3,173,8187,1,16,28,6580365,b36971dc0bf45ba0bcec124aa6c85433562300076e2cfd28bfa6b3462af20dd0,clean
0,1,1,0,0,0,0,0,0,0,0,0,1,0,0,0,0,0,0,0,0,0,0,0,0,0,0,1,0,0,10,26,13,237,31639,1,19,29,19179690,52cac7341f511460babb9844cb9b6a7912403e802ad0ee7dfe1d25d896240ad1,clean
0,0,0,0,0,0,0,0,0,0,0,0,1,0,0,0,0,0,0,0,0,0,0,0,0,0,0,0,0,0,2,5,39,109,564,1,19,28,4947530,d55c67462339ce27d920505dd81baba463d06cb496c01c5b6e943fafe6e3c038,clean
0,0,0,0,0,0,0,0,0,0,0,0,1,0,0,0,0,0,0,0,0,0,0,0,0,0,0,0,0,0,4,3,1,48,10877,1,16,30,4921915,b04c73674edc747c78b7ebdb17209c8fac866fd14043497a7b9accabf674e268,clean
0,1,0,0,0,0,0,0,0,0,0,0,1,0,0,0,0,0,0,0,0,0,0,0,0,0,0,0,0,0,12,19,0,35,3966,61,10,23,3360603,5a9b70aab2637d895b94fee885aa8e7961fa7a3f4864fbe445f1cc07cdd7384f,clean
0,1,1,0,0,0,0,1,0,1,0,1,1,0,0,0,0,0,0,0,1,0,0,0,1,1,0,1,0,0,28,59,4,31,1816,86,7,10,6452905,7c2c7dda0bdab17421815a2ee6186282c7bb262782f0c3edb9ffa7cbeb8486df,no tag
